id,name,amount,date,active,category,note
1,Item 1,187.03,2026-12-22,false,Gamma,"says ""hi"""
2,Item 2,89.58,2022-10-02,true,Delta,trailing space 
3,Item 3,614.98,2024-10-09,true,Gamma,plain note
4,Item 4,756.06,2024-06-04,true,Alpha,plain note
5,Item 5,712.59,2022-09-05,false,Alpha,two words
6,Item 6,186.01,2024-08-09,true,Alpha,trailing space 
7,Item 7,215.31,2025-11-26,true,Alpha,trailing space 
8,Item 8,225.34,2022-11-22,false,Beta,"says ""hi"""
9,Item 9,2.29,2021-02-28,true,Alpha,"has, comma"
10,Item 10,634.98,2023-04-09,false,Alpha,plain note
11,Item 11,267.14,2025-11-26,true,Epsilon,trailing space 
12,Item 12,761,2022-09-01,true,Gamma,two words
13,Item 13,655.81,2023-11-11,false,Alpha,trailing space 
14,Item 14,479.28,2023-02-10,false,Alpha,plain note
15,Item 15,504.05,2026-04-09,false,Alpha,"says ""hi"""
16,Item 16,435.26,2026-03-21,true,Delta,  leading
17,Item 17,46.34,2021-12-07,false,Delta,two words
18,Item 18,52.36,2022-02-08,false,Epsilon,"says ""hi"""
19,Item 19,322.71,2021-03-22,true,Epsilon,  leading
20,Item 20,25.19,2022-01-19,true,Delta,plain note
21,Item 21,-97.38,2025-01-03,true,Beta,trailing space 
22,Item 22,491.99,2025-02-10,true,Alpha,plain note
23,Item 23,-14.91,2022-06-06,true,Delta,  leading
24,Item 24,284.44,2023-02-04,true,Delta,trailing space 
25,Item 25,171.38,2021-03-04,true,Delta,two words
26,Item 26,-15.76,2022-08-12,false,Alpha,  leading
27,Item 27,360.21,2024-05-21,false,Alpha,  leading
28,Item 28,502.33,2026-08-20,false,Epsilon,"has, comma"
29,Item 29,676.03,2023-05-08,true,Alpha,trailing space 
30,Item 30,-52.77,2020-04-23,false,Delta,plain note
31,Item 31,-87,2023-06-04,true,Gamma,plain note
32,Item 32,554.89,2020-12-01,false,Delta,"says ""hi"""
33,Item 33,626.32,2023-05-15,false,Delta,"has, comma"
34,Item 34,676.95,2024-07-09,false,Epsilon,plain note
35,Item 35,200.55,2022-11-15,false,Gamma,"says ""hi"""
36,Item 36,635.57,2020-05-12,false,Beta,  leading
37,Item 37,539.92,2024-03-02,true,Gamma,"has, comma"
38,Item 38,166.6,2021-01-19,true,Delta,trailing space 
39,Item 39,566.08,2020-02-14,true,Beta,  leading
40,Item 40,277.5,2026-02-03,true,Beta,"has, comma"
41,Item 41,230.48,2021-02-24,true,Delta,two words
42,Item 42,191.12,2026-10-13,false,Beta,"has, comma"
43,Item 43,175.01,2021-01-12,true,Epsilon,"says ""hi"""
44,Item 44,715.76,2023-12-15,true,Epsilon,  leading
45,Item 45,206.03,2026-05-05,false,Gamma,plain note
46,Item 46,46.91,2025-03-16,true,Delta,"says ""hi"""
47,Item 47,149.3,2026-01-09,false,Epsilon,plain note
48,Item 48,538.1,2025-03-13,false,Gamma,trailing space 
49,Item 49,227.03,2024-06-21,false,Gamma,"has, comma"
50,Item 50,626.52,2023-12-28,false,Delta,plain note
51,Item 51,-9.48,2021-10-10,false,Alpha,two words
52,Item 52,632.1,2023-07-20,true,Beta,trailing space 
53,Item 53,-92.25,2023-04-10,false,Gamma,"says ""hi"""
54,Item 54,536.07,2022-01-03,true,Epsilon,two words
55,Item 55,272.91,2026-08-12,false,Delta,plain note
56,Item 56,444.95,2021-11-11,true,Alpha,plain note
57,Item 57,409.32,2020-09-20,false,Alpha,"has, comma"
58,Item 58,682.3,2020-04-22,true,Alpha,plain note
59,Item 59,160.44,2020-08-02,false,Epsilon,plain note
60,Item 60,508.29,2022-11-18,true,Beta,  leading
61,Item 61,795.15,2021-07-15,true,Beta,"says ""hi"""
62,Item 62,-99.57,2021-01-01,false,Gamma,trailing space 
63,Item 63,240.04,2020-03-18,true,Gamma,plain note
64,Item 64,222.83,2024-06-25,true,Alpha,"has, comma"
65,Item 65,658.91,2024-06-09,false,Beta,  leading
66,Item 66,236.8,2022-07-18,false,Beta,two words
67,Item 67,495.54,2020-07-04,false,Alpha,"has, comma"
68,Item 68,482.05,2022-12-10,false,Beta,two words
69,Item 69,197.72,2022-02-04,true,Epsilon,"says ""hi"""
70,Item 70,28.1,2023-10-14,false,Beta,  leading
71,Item 71,615.21,2024-08-05,false,Beta,"has, comma"
72,Item 72,-18.51,2020-04-16,false,Epsilon,  leading
73,Item 73,529.35,2021-05-17,false,Alpha,plain note
74,Item 74,-30.34,2025-01-08,false,Gamma,plain note
75,Item 75,342.7,2022-09-12,false,Alpha,"has, comma"
76,Item 76,203.59,2025-11-21,false,Delta,"says ""hi"""
77,Item 77,146.53,2025-04-28,false,Epsilon,trailing space 
78,Item 78,391.92,2020-12-19,true,Delta,"says ""hi"""
79,Item 79,355.65,2020-01-23,true,Gamma,trailing space 
80,Item 80,522.02,2026-12-26,true,Epsilon,trailing space 
81,Item 81,37.48,2025-03-20,true,Delta,plain note
82,Item 82,763.86,2021-10-23,true,Delta,"has, comma"
83,Item 83,149.84,2021-06-03,true,Delta,  leading
84,Item 84,670.13,2024-10-26,false,Epsilon,trailing space 
85,Item 85,599.37,2024-01-25,true,Beta,trailing space 
86,Item 86,-42.49,2025-11-27,true,Epsilon,two words
87,Item 87,599.35,2024-10-04,true,Gamma,plain note
88,Item 88,746.48,2024-06-14,true,Delta,  leading
89,Item 89,143.18,2026-03-05,false,Epsilon,"says ""hi"""
90,Item 90,470.75,2020-11-26,true,Alpha,two words
91,Item 91,719.02,2021-06-21,true,Epsilon,"has, comma"
92,Item 92,446.22,2023-10-06,true,Alpha,"has, comma"
93,Item 93,-59.35,2023-08-12,true,Delta,  leading
94,Item 94,-88.64,2020-10-25,false,Gamma,plain note
95,Item 95,-42.52,2023-06-10,false,Epsilon,"says ""hi"""
96,Item 96,24.78,2023-05-27,false,Alpha,two words
97,Item 97,792.69,2025-09-05,false,Gamma,"has, comma"
98,Item 98,608.28,2023-11-01,false,Beta,plain note
99,Item 99,518.24,2020-05-28,true,Delta,trailing space 
100,Item 100,724.27,2022-12-11,true,Beta,"has, comma"
101,Item 101,598.93,2022-09-09,false,Beta,plain note
102,Item 102,15.18,2023-09-14,false,Beta,plain note
103,Item 103,580.13,2025-08-24,false,Beta,"says ""hi"""
104,Item 104,647.92,2024-02-20,false,Epsilon,"says ""hi"""
105,Item 105,110.11,2020-08-12,false,Alpha,"has, comma"
106,Item 106,645,2026-12-23,true,Beta,"says ""hi"""
107,Item 107,39.26,2020-12-10,false,Alpha,two words
108,Item 108,313.5,2020-09-22,false,Beta,  leading
109,Item 109,129.14,2022-06-12,false,Gamma,  leading
110,Item 110,335.18,2022-08-06,true,Delta,"has, comma"
111,Item 111,749.88,2025-07-08,false,Delta,"says ""hi"""
112,Item 112,151.39,2021-01-14,true,Gamma,  leading
113,Item 113,-65.76,2026-11-08,true,Epsilon,  leading
114,Item 114,577.36,2024-03-06,true,Alpha,plain note
115,Item 115,548.14,2021-03-16,false,Gamma,trailing space 
116,Item 116,668.57,2023-05-28,true,Epsilon,two words
117,Item 117,239,2025-07-05,true,Gamma,two words
118,Item 118,270.68,2022-10-11,true,Alpha,"has, comma"
119,Item 119,724.88,2020-02-18,true,Beta,trailing space 
120,Item 120,344.12,2021-11-22,false,Delta,"has, comma"
121,Item 121,-32.55,2020-09-20,true,Gamma,  leading
122,Item 122,172.97,2020-12-25,true,Delta,"says ""hi"""
123,Item 123,-4.17,2022-03-21,true,Gamma,"says ""hi"""
124,Item 124,679.17,2020-11-08,true,Alpha,plain note
125,Item 125,255.15,2023-10-05,false,Epsilon,"has, comma"
126,Item 126,-26.93,2023-08-17,true,Delta,"has, comma"
127,Item 127,-79.91,2026-04-12,true,Alpha,plain note
128,Item 128,473.26,2020-04-22,false,Alpha,"has, comma"
129,Item 129,439.33,2024-09-22,false,Gamma,trailing space 
130,Item 130,-16.89,2023-06-23,false,Gamma,plain note
131,Item 131,-70.84,2020-06-17,false,Epsilon,"says ""hi"""
132,Item 132,72.06,2021-02-22,true,Beta,trailing space 
133,Item 133,63.95,2026-10-15,true,Alpha,  leading
134,Item 134,401.1,2021-12-28,true,Delta,"says ""hi"""
135,Item 135,450.34,2023-01-04,false,Epsilon,plain note
136,Item 136,709.92,2020-04-01,false,Delta,trailing space 
137,Item 137,462.97,2025-03-24,false,Gamma,"says ""hi"""
138,Item 138,-16.5,2023-03-20,true,Gamma,  leading
139,Item 139,183.01,2025-12-18,false,Delta,"says ""hi"""
140,Item 140,154.87,2024-12-25,true,Alpha,  leading
141,Item 141,499.37,2026-11-19,true,Epsilon,trailing space 
142,Item 142,26.2,2020-07-15,false,Epsilon,two words
143,Item 143,452.13,2021-08-12,false,Beta,trailing space 
144,Item 144,455.15,2024-07-11,false,Delta,"says ""hi"""
145,Item 145,292.34,2026-04-26,false,Gamma,"says ""hi"""
146,Item 146,675.76,2020-11-12,true,Alpha,"says ""hi"""
147,Item 147,268,2026-12-12,false,Delta,"says ""hi"""
148,Item 148,354.47,2024-03-07,true,Epsilon,plain note
149,Item 149,481.45,2026-11-22,false,Epsilon,trailing space 
150,Item 150,402.78,2020-03-20,true,Alpha,  leading
151,Item 151,324.14,2023-01-07,false,Gamma,plain note
152,Item 152,649.46,2020-12-09,true,Gamma,"has, comma"
153,Item 153,175.13,2026-05-25,false,Alpha,"says ""hi"""
154,Item 154,171.95,2020-02-24,false,Epsilon,  leading
155,Item 155,-16.59,2022-03-03,true,Beta,  leading
156,Item 156,724.08,2024-06-05,true,Delta,  leading
157,Item 157,229.11,2022-03-11,true,Beta,  leading
158,Item 158,64.51,2021-02-23,false,Epsilon,  leading
159,Item 159,470.08,2026-11-04,true,Beta,"says ""hi"""
160,Item 160,662.42,2020-09-13,false,Gamma,"has, comma"
161,Item 161,-63.41,2025-04-01,true,Beta,  leading
162,Item 162,500.31,2024-10-01,false,Gamma,plain note
163,Item 163,34.85,2026-08-27,false,Alpha,plain note
164,Item 164,772.62,2021-01-26,true,Epsilon,two words
165,Item 165,147.76,2020-11-25,false,Gamma,  leading
166,Item 166,698.63,2026-01-07,false,Delta,  leading
167,Item 167,680.13,2020-02-04,true,Gamma,two words
168,Item 168,102.84,2024-08-02,false,Beta,"has, comma"
169,Item 169,427.43,2021-10-11,false,Epsilon,two words
170,Item 170,608.8,2020-10-03,true,Epsilon,"has, comma"
171,Item 171,254.95,2023-12-17,false,Alpha,plain note
172,Item 172,-65.38,2026-04-07,true,Delta,"says ""hi"""
173,Item 173,483.39,2021-08-10,true,Beta,  leading
174,Item 174,229.63,2025-12-28,true,Gamma,  leading
175,Item 175,-93.54,2026-12-05,false,Alpha,trailing space 
176,Item 176,453.57,2020-01-16,true,Delta,two words
177,Item 177,738.6,2021-05-14,false,Beta,  leading
178,Item 178,-81.58,2021-10-23,false,Gamma,"says ""hi"""
179,Item 179,716.68,2022-04-19,true,Delta,"says ""hi"""
180,Item 180,514.43,2023-07-15,true,Delta,trailing space 
181,Item 181,115.03,2026-06-14,false,Epsilon,two words
182,Item 182,217.08,2026-10-15,false,Beta,  leading
183,Item 183,444.59,2020-02-25,false,Alpha,trailing space 
184,Item 184,-23.49,2021-04-19,true,Delta,"says ""hi"""
185,Item 185,664.1,2026-03-25,true,Epsilon,two words
186,Item 186,472.61,2024-01-17,false,Epsilon,plain note
187,Item 187,754.8,2021-12-16,false,Delta,two words
188,Item 188,613.93,2026-12-05,false,Gamma,plain note
189,Item 189,722.69,2025-07-09,true,Epsilon,plain note
190,Item 190,257.16,2022-10-25,true,Beta,two words
191,Item 191,337.94,2024-01-20,false,Gamma,"has, comma"
192,Item 192,305.87,2026-12-27,true,Gamma,two words
193,Item 193,163.46,2024-09-17,false,Delta,plain note
194,Item 194,-9.51,2021-08-02,false,Epsilon,"has, comma"
195,Item 195,741.91,2023-04-11,true,Gamma,"has, comma"
196,Item 196,702.09,2022-05-23,false,Alpha,"has, comma"
197,Item 197,-65.79,2026-11-07,false,Epsilon,"has, comma"
198,Item 198,497.51,2020-08-20,true,Delta,"says ""hi"""
199,Item 199,483.74,2021-02-04,false,Gamma,plain note
200,Item 200,149.52,2021-07-17,true,Gamma,"says ""hi"""
201,Item 201,614.76,2024-10-22,false,Beta,two words
202,Item 202,307.02,2021-07-20,true,Gamma,trailing space 
203,Item 203,487.05,2021-03-06,true,Alpha,"says ""hi"""
204,Item 204,559.21,2020-07-26,false,Gamma,"has, comma"
205,Item 205,424.38,2024-06-09,false,Alpha,"says ""hi"""
206,Item 206,660.79,2020-03-17,false,Beta,"says ""hi"""
207,Item 207,521,2025-10-19,false,Delta,trailing space 
208,Item 208,314.63,2021-06-15,false,Beta,"says ""hi"""
209,Item 209,11.86,2026-04-13,true,Beta,  leading
210,Item 210,54.04,2025-05-26,false,Beta,trailing space 
211,Item 211,674.39,2023-03-08,false,Alpha,  leading
212,Item 212,358.41,2026-08-14,false,Gamma,"says ""hi"""
213,Item 213,-42.54,2021-08-18,false,Epsilon,two words
214,Item 214,721.36,2026-05-24,false,Alpha,two words
215,Item 215,737.59,2023-01-26,true,Gamma,trailing space 
216,Item 216,432.41,2020-07-23,false,Alpha,  leading
217,Item 217,578.26,2022-09-11,false,Delta,trailing space 
218,Item 218,694.59,2023-07-21,false,Alpha,two words
219,Item 219,197.17,2024-03-13,false,Gamma,two words
220,Item 220,436.87,2022-04-22,false,Gamma,two words
221,Item 221,106.84,2025-04-01,false,Gamma,"says ""hi"""
222,Item 222,-45.9,2025-03-11,true,Alpha,"has, comma"
223,Item 223,769.67,2023-05-02,false,Beta,  leading
224,Item 224,221.33,2026-06-12,false,Delta,  leading
225,Item 225,602.27,2021-12-04,true,Delta,two words
226,Item 226,588.17,2022-07-26,true,Beta,"has, comma"
227,Item 227,735.91,2024-08-24,false,Alpha,  leading
228,Item 228,726.2,2023-09-13,true,Gamma,"says ""hi"""
229,Item 229,496.15,2026-04-03,true,Gamma,"says ""hi"""
230,Item 230,163.42,2022-06-19,false,Gamma,"has, comma"
231,Item 231,780.3,2020-07-07,false,Alpha,"has, comma"
232,Item 232,104.24,2022-06-15,true,Alpha,  leading
233,Item 233,174.64,2024-06-18,true,Delta,plain note
234,Item 234,88.03,2022-10-12,true,Gamma,trailing space 
235,Item 235,720.15,2021-11-10,true,Alpha,"has, comma"
236,Item 236,460.86,2024-05-12,false,Delta,"has, comma"
237,Item 237,577.97,2023-08-08,true,Epsilon,"has, comma"
238,Item 238,410.71,2026-02-22,false,Gamma,"has, comma"
239,Item 239,-8.92,2020-07-26,false,Beta,two words
240,Item 240,160.2,2025-10-26,true,Beta,  leading
241,Item 241,767.56,2021-04-11,true,Beta,"has, comma"
242,Item 242,445.92,2026-04-27,false,Alpha,trailing space 
243,Item 243,130.01,2021-07-14,false,Alpha,plain note
244,Item 244,533.03,2025-12-04,true,Delta,  leading
245,Item 245,-39.16,2024-07-23,true,Alpha,"says ""hi"""
246,Item 246,490.28,2025-08-10,true,Beta,plain note
247,Item 247,267.01,2025-07-17,false,Gamma,  leading
248,Item 248,-38.13,2026-10-17,false,Delta,  leading
249,Item 249,136.85,2025-09-12,true,Gamma,two words
250,Item 250,94.17,2026-03-03,true,Delta,two words
251,Item 251,200.27,2025-10-11,true,Beta,"says ""hi"""
252,Item 252,154.63,2023-10-13,true,Gamma,two words
253,Item 253,642.51,2026-10-20,true,Beta,  leading
254,Item 254,582.36,2020-04-14,false,Gamma,"has, comma"
255,Item 255,133.95,2024-01-21,false,Gamma,  leading
256,Item 256,143.35,2022-10-04,false,Alpha,plain note
257,Item 257,98.27,2024-09-26,true,Beta,trailing space 
258,Item 258,688.06,2022-01-21,true,Gamma,"has, comma"
259,Item 259,394.28,2024-07-09,false,Alpha,  leading
260,Item 260,569.3,2022-10-03,false,Delta,plain note
261,Item 261,63.78,2021-06-19,false,Delta,two words
262,Item 262,215.65,2020-04-19,true,Gamma,plain note
263,Item 263,114.08,2022-01-27,true,Gamma,"says ""hi"""
264,Item 264,196.91,2026-09-03,false,Gamma,  leading
265,Item 265,467.76,2020-04-19,true,Gamma,trailing space 
266,Item 266,779.56,2021-06-18,false,Epsilon,trailing space 
267,Item 267,186.21,2025-10-05,false,Beta,trailing space 
268,Item 268,465.07,2025-08-13,true,Alpha,"says ""hi"""
269,Item 269,-46.12,2025-11-21,true,Gamma,  leading
270,Item 270,368.99,2021-07-03,true,Alpha,trailing space 
271,Item 271,222.41,2020-09-14,false,Alpha,"has, comma"
272,Item 272,342.38,2022-02-10,false,Epsilon,two words
273,Item 273,206.25,2021-02-09,false,Delta,two words
274,Item 274,777.1,2026-11-16,false,Beta,plain note
275,Item 275,-22.81,2024-06-09,true,Gamma,two words
276,Item 276,552.32,2024-02-20,false,Gamma,"has, comma"
277,Item 277,220.22,2023-07-11,true,Gamma,"says ""hi"""
278,Item 278,387.2,2025-09-25,true,Delta,"says ""hi"""
279,Item 279,509.38,2022-08-16,true,Beta,  leading
280,Item 280,80.15,2026-05-04,true,Epsilon,trailing space 
281,Item 281,474.61,2021-10-05,false,Alpha,two words
282,Item 282,425.98,2026-10-08,true,Gamma,plain note
283,Item 283,27.6,2020-05-25,false,Alpha,two words
284,Item 284,560.72,2026-06-10,false,Alpha,"says ""hi"""
285,Item 285,312.16,2021-11-20,false,Gamma,"says ""hi"""
286,Item 286,4.02,2020-03-21,true,Gamma,two words
287,Item 287,491.67,2025-01-07,true,Delta,  leading
288,Item 288,432.86,2025-04-27,true,Alpha,plain note
289,Item 289,-14.81,2026-09-19,true,Gamma,plain note
290,Item 290,527.82,2021-11-28,false,Beta,  leading
291,Item 291,79.35,2026-10-23,false,Epsilon,plain note
292,Item 292,725.82,2021-11-05,false,Gamma,two words
293,Item 293,-83.47,2024-11-11,true,Beta,plain note
294,Item 294,277.43,2025-11-05,true,Gamma,trailing space 
295,Item 295,312.77,2026-08-05,true,Epsilon,plain note
296,Item 296,600.81,2025-01-17,true,Alpha,two words
297,Item 297,134.14,2026-03-04,true,Delta,"has, comma"
298,Item 298,-67.62,2024-04-19,false,Beta,  leading
299,Item 299,462.11,2021-05-13,false,Alpha,  leading
300,Item 300,-55.18,2020-10-11,true,Alpha,"says ""hi"""
301,Item 301,-84.77,2026-06-14,false,Epsilon,"says ""hi"""
302,Item 302,605.11,2023-11-12,false,Beta,trailing space 
303,Item 303,181.31,2022-10-04,true,Alpha,"says ""hi"""
304,Item 304,170.77,2026-01-26,true,Beta,  leading
305,Item 305,700.54,2023-04-06,true,Beta,plain note
306,Item 306,114.04,2020-12-27,false,Alpha,trailing space 
307,Item 307,99.53,2020-01-12,false,Beta,"says ""hi"""
308,Item 308,655.94,2020-12-23,false,Beta,"says ""hi"""
309,Item 309,578.2,2021-06-07,false,Gamma,plain note
310,Item 310,640.37,2024-03-09,false,Alpha,two words
311,Item 311,638.55,2024-10-24,false,Beta,plain note
312,Item 312,-63.5,2023-07-01,true,Beta,  leading
313,Item 313,706.62,2025-07-11,true,Epsilon,  leading
314,Item 314,-62.07,2022-10-20,false,Beta,trailing space 
315,Item 315,464.63,2026-06-01,true,Beta,trailing space 
316,Item 316,450.61,2023-02-01,true,Beta,plain note
317,Item 317,745.66,2023-02-18,true,Beta,plain note
318,Item 318,507.01,2021-06-04,true,Delta,"has, comma"
319,Item 319,796.28,2026-12-08,true,Epsilon,two words
320,Item 320,-75.81,2023-05-07,true,Delta,  leading
321,Item 321,352.07,2020-07-02,true,Alpha,"has, comma"
322,Item 322,46.32,2025-11-13,false,Gamma,"has, comma"
323,Item 323,175.95,2026-11-11,false,Epsilon,two words
324,Item 324,769,2022-08-16,true,Alpha,"says ""hi"""
325,Item 325,764.13,2020-02-19,true,Beta,"has, comma"
326,Item 326,-59.3,2023-08-18,true,Epsilon,"says ""hi"""
327,Item 327,560.5,2020-05-14,true,Alpha,"says ""hi"""
328,Item 328,521.41,2020-06-23,true,Beta,plain note
329,Item 329,507.46,2025-06-18,true,Delta,plain note
330,Item 330,357.69,2021-02-12,true,Alpha,"says ""hi"""
331,Item 331,601.87,2021-08-15,false,Alpha,plain note
332,Item 332,-42.72,2022-05-28,false,Epsilon,trailing space 
333,Item 333,227.19,2024-02-13,false,Gamma,plain note
334,Item 334,556.86,2025-09-07,true,Beta,plain note
335,Item 335,154.71,2025-10-26,false,Gamma,  leading
336,Item 336,692.86,2024-04-10,true,Epsilon,two words
337,Item 337,125.15,2023-02-01,true,Gamma,"says ""hi"""
338,Item 338,542.2,2023-11-20,true,Alpha,"says ""hi"""
339,Item 339,219.08,2026-01-05,false,Delta,  leading
340,Item 340,122.01,2023-12-26,true,Delta,trailing space 
341,Item 341,565.51,2024-07-09,false,Delta,  leading
342,Item 342,-11.19,2025-08-22,true,Alpha,plain note
343,Item 343,567.31,2026-02-19,false,Gamma,  leading
344,Item 344,-64.03,2021-10-04,true,Beta,two words
345,Item 345,639.5,2025-08-17,true,Delta,plain note
346,Item 346,467.51,2025-11-09,false,Gamma,"has, comma"
347,Item 347,56.44,2023-05-03,true,Epsilon,  leading
348,Item 348,-94.83,2025-01-13,false,Alpha,two words
349,Item 349,-44.45,2022-11-13,true,Beta,"has, comma"
350,Item 350,712.72,2022-12-12,true,Alpha,trailing space 
351,Item 351,543.53,2024-06-05,false,Alpha,trailing space 
352,Item 352,249.7,2021-12-27,false,Beta,"says ""hi"""
353,Item 353,568.07,2026-12-12,true,Epsilon,  leading
354,Item 354,198.86,2023-03-21,false,Epsilon,two words
355,Item 355,638.87,2026-09-12,false,Epsilon,"has, comma"
356,Item 356,333.19,2022-10-18,true,Gamma,  leading
357,Item 357,174.06,2025-05-24,true,Gamma,"says ""hi"""
358,Item 358,573.98,2024-11-03,true,Delta,trailing space 
359,Item 359,594.1,2021-05-09,true,Gamma,"says ""hi"""
360,Item 360,104.77,2021-06-13,true,Epsilon,"says ""hi"""
361,Item 361,-15.77,2026-11-26,true,Delta,two words
362,Item 362,183.18,2022-08-08,true,Epsilon,  leading
363,Item 363,786.8,2020-11-07,false,Epsilon,"says ""hi"""
364,Item 364,603.41,2025-06-13,true,Delta,"says ""hi"""
365,Item 365,483.75,2023-01-04,true,Delta,  leading
366,Item 366,458,2026-03-01,true,Beta,  leading
367,Item 367,176.54,2025-03-19,false,Alpha,  leading
368,Item 368,739.26,2020-03-09,true,Beta,"says ""hi"""
369,Item 369,486.72,2020-08-02,false,Alpha,  leading
370,Item 370,727.62,2022-06-16,false,Epsilon,"has, comma"
371,Item 371,790.91,2023-07-21,true,Delta,plain note
372,Item 372,779.16,2022-10-11,true,Gamma,  leading
373,Item 373,246.53,2024-01-11,true,Alpha,plain note
374,Item 374,115.11,2021-04-03,true,Delta,"has, comma"
375,Item 375,32.13,2023-04-08,true,Delta,"has, comma"
376,Item 376,638.36,2022-11-28,true,Alpha,two words
377,Item 377,106.46,2020-12-20,false,Gamma,trailing space 
378,Item 378,58.14,2024-06-25,false,Epsilon,"says ""hi"""
379,Item 379,247.19,2021-06-04,true,Beta,plain note
380,Item 380,242.89,2023-02-22,false,Alpha,plain note
381,Item 381,630.52,2023-08-26,false,Alpha,two words
382,Item 382,724.04,2023-03-27,false,Delta,trailing space 
383,Item 383,756.97,2024-09-27,true,Beta,trailing space 
384,Item 384,37.89,2020-09-06,true,Beta,plain note
385,Item 385,245.95,2025-02-18,true,Epsilon,plain note
386,Item 386,657.89,2026-11-26,false,Gamma,"has, comma"
387,Item 387,37.73,2025-08-26,true,Epsilon,two words
388,Item 388,198.14,2021-06-16,false,Epsilon,  leading
389,Item 389,255.5,2025-08-13,true,Delta,trailing space 
390,Item 390,750.51,2023-08-04,false,Epsilon,  leading
391,Item 391,48.99,2024-06-25,false,Gamma,"says ""hi"""
392,Item 392,262.74,2021-07-07,false,Delta,"says ""hi"""
393,Item 393,294.06,2024-11-27,true,Delta,two words
394,Item 394,598.67,2025-07-12,false,Epsilon,"has, comma"
395,Item 395,530.1,2020-03-01,false,Delta,  leading
396,Item 396,592.94,2025-07-25,true,Alpha,"has, comma"
397,Item 397,527.53,2026-10-21,false,Beta,"has, comma"
398,Item 398,-22.36,2022-01-03,true,Delta,plain note
399,Item 399,114.13,2020-02-01,false,Beta,"has, comma"
400,Item 400,22.05,2024-09-06,true,Gamma,"has, comma"
401,Item 401,522.8,2023-11-26,false,Delta,plain note
402,Item 402,83.12,2026-04-07,false,Delta,  leading
403,Item 403,-69.04,2020-02-13,false,Beta,two words
404,Item 404,343.46,2021-08-08,true,Delta,"has, comma"
405,Item 405,59.28,2023-02-03,false,Delta,"says ""hi"""
406,Item 406,740.02,2026-07-11,true,Delta,  leading
407,Item 407,731.24,2025-09-22,false,Gamma,two words
408,Item 408,-21.59,2025-04-01,false,Delta,plain note
409,Item 409,533.21,2026-08-21,true,Beta,trailing space 
410,Item 410,-28.58,2022-06-09,true,Delta,  leading
411,Item 411,720.34,2020-11-27,false,Alpha,two words
412,Item 412,612.61,2024-01-27,false,Epsilon,plain note
413,Item 413,793.6,2021-12-01,true,Gamma,two words
414,Item 414,748.87,2021-09-14,false,Epsilon,  leading
415,Item 415,232.91,2021-07-01,false,Beta,  leading
416,Item 416,385.18,2021-07-15,false,Epsilon,trailing space 
417,Item 417,709.02,2023-10-07,true,Beta,trailing space 
418,Item 418,-93.17,2020-06-08,false,Alpha,plain note
419,Item 419,471.2,2021-06-01,true,Alpha,plain note
420,Item 420,623.64,2021-09-11,false,Alpha,two words
421,Item 421,560.68,2023-08-08,true,Beta,"says ""hi"""
422,Item 422,409.29,2023-11-18,true,Beta,trailing space 
423,Item 423,275.45,2021-04-18,false,Delta,plain note
424,Item 424,314.01,2023-02-11,true,Alpha,"says ""hi"""
425,Item 425,-90.22,2024-03-10,true,Epsilon,two words
426,Item 426,232.18,2026-11-28,true,Epsilon,two words
427,Item 427,221.74,2026-11-15,true,Epsilon,plain note
428,Item 428,304.6,2024-08-16,true,Gamma,"has, comma"
429,Item 429,326.19,2026-03-07,true,Beta,  leading
430,Item 430,140.66,2024-12-08,false,Delta,two words
431,Item 431,681.08,2024-05-15,false,Beta,"says ""hi"""
432,Item 432,9.93,2022-03-09,false,Alpha,"says ""hi"""
433,Item 433,475.74,2023-12-24,false,Beta,two words
434,Item 434,304.56,2022-04-04,false,Epsilon,plain note
435,Item 435,-80.5,2021-05-12,true,Beta,  leading
436,Item 436,738.36,2020-11-12,true,Beta,"says ""hi"""
437,Item 437,66.39,2026-05-16,true,Gamma,trailing space 
438,Item 438,68.79,2023-01-19,false,Alpha,trailing space 
439,Item 439,-46.67,2021-11-05,true,Alpha,trailing space 
440,Item 440,324.98,2022-10-15,false,Beta,trailing space 
441,Item 441,-67.75,2021-12-20,true,Delta,  leading
442,Item 442,269.9,2021-08-16,true,Gamma,  leading
443,Item 443,282.37,2022-10-26,false,Beta,"has, comma"
444,Item 444,631.87,2026-02-17,true,Alpha,"says ""hi"""
445,Item 445,75.8,2025-02-03,true,Gamma,  leading
446,Item 446,22.73,2026-07-04,false,Alpha,"has, comma"
447,Item 447,653.91,2023-09-06,false,Epsilon,plain note
448,Item 448,502.48,2021-10-23,true,Alpha,two words
449,Item 449,244.69,2022-01-06,true,Gamma,  leading
450,Item 450,-77.95,2026-01-02,true,Delta,"says ""hi"""
451,Item 451,389.9,2022-07-23,true,Beta,two words
452,Item 452,524.54,2022-01-12,false,Beta,"says ""hi"""
453,Item 453,43.01,2022-10-26,false,Alpha,  leading
454,Item 454,218.53,2026-01-25,false,Gamma,  leading
455,Item 455,17.85,2020-05-10,true,Beta,trailing space 
456,Item 456,226.13,2022-03-02,true,Delta,two words
457,Item 457,182.91,2021-10-27,false,Beta,plain note
458,Item 458,247.88,2026-01-19,false,Delta,  leading
459,Item 459,114.46,2022-02-27,true,Beta,trailing space 
460,Item 460,167.43,2024-07-26,false,Delta,trailing space 
461,Item 461,679.16,2026-04-21,true,Gamma,trailing space 
462,Item 462,370.06,2024-12-10,true,Epsilon,plain note
463,Item 463,364.3,2021-05-16,true,Alpha,"has, comma"
464,Item 464,581.22,2023-07-08,false,Alpha,"says ""hi"""
465,Item 465,182.15,2021-05-12,false,Epsilon,trailing space 
466,Item 466,610.83,2022-02-23,true,Delta,"has, comma"
467,Item 467,374.07,2022-12-25,true,Gamma,two words
468,Item 468,799.98,2025-12-20,true,Alpha,trailing space 
469,Item 469,370.73,2022-10-01,false,Beta,  leading
470,Item 470,33.98,2020-01-25,true,Alpha,trailing space 
471,Item 471,506.82,2022-06-12,true,Beta,"says ""hi"""
472,Item 472,-82.05,2023-04-15,false,Gamma,  leading
473,Item 473,651.57,2024-12-13,false,Delta,trailing space 
474,Item 474,492.28,2021-02-20,true,Epsilon,two words
475,Item 475,449.66,2025-04-07,true,Alpha,"says ""hi"""
476,Item 476,322.34,2023-04-17,false,Beta,plain note
477,Item 477,-31.72,2021-08-11,true,Epsilon,plain note
478,Item 478,741.81,2026-02-08,true,Epsilon,trailing space 
479,Item 479,590,2023-10-05,false,Delta,two words
480,Item 480,452.19,2023-09-10,true,Delta,"has, comma"
481,Item 481,740.81,2026-07-12,true,Gamma,plain note
482,Item 482,649.86,2021-06-15,true,Gamma,two words
483,Item 483,-88.46,2026-04-04,true,Gamma,"has, comma"
484,Item 484,778.64,2025-11-22,false,Delta,trailing space 
485,Item 485,498.46,2021-07-21,false,Alpha,two words
486,Item 486,85.76,2024-07-01,true,Beta,"has, comma"
487,Item 487,581.85,2021-11-25,true,Alpha,  leading
488,Item 488,54.43,2020-02-09,false,Epsilon,plain note
489,Item 489,727.56,2023-03-23,true,Gamma,two words
490,Item 490,473.79,2023-11-07,true,Alpha,"says ""hi"""
491,Item 491,607.53,2025-09-22,true,Alpha,plain note
492,Item 492,367.86,2022-09-06,false,Beta,"says ""hi"""
493,Item 493,561.87,2022-10-04,true,Beta,two words
494,Item 494,402.56,2024-03-18,true,Gamma,  leading
495,Item 495,529.58,2020-06-12,true,Alpha,plain note
496,Item 496,474.25,2025-06-12,false,Delta,"has, comma"
497,Item 497,786.25,2022-03-14,false,Delta,  leading
498,Item 498,565.28,2022-06-04,false,Delta,two words
499,Item 499,636.56,2024-11-01,false,Alpha,  leading
500,Item 500,-95.6,2020-04-05,true,Delta,  leading
